INSERT INTO MOVIES VALUES(1,'Fast and Furios 8',TO_DATE('02/07/2018','DD/MM/YYYY'),120,4.7);
INSERT INTO MOVIES VALUES(2,'Spiderman',TO_DATE('02/07/2017','DD/MM/YYYY'),140,4.2);
INSERT INTO MOVIES VALUES(3,'Suicide Squad',TO_DATE('02/07/2016','DD/MM/YYYY'),160,4.3);
INSERT INTO MOVIES VALUES(4,'Fun with Dick and Jane',TO_DATE('23/09/2018','DD/MM/YYYY'),100,4.5);
INSERT INTO MOVIES VALUES(5,'Miami Bici',TO_DATE('23/09/2019','DD/MM/YYYY'),90,3.7);
INSERT INTO MOVIES VALUES(6,'Black Panther',TO_DATE('23/09/2016','DD/MM/YYYY'),80,3.2);
INSERT INTO MOVIES VALUES(7,'Citizen Kane',TO_DATE('23/09/2020','DD/MM/YYYY'),90,3.4);
INSERT INTO MOVIES VALUES(8,'Chucky',TO_DATE('19/07/2015','DD/MM/YYYY'),100,2.5);

INSERT INTO GENRES VALUES(1,'COMEDY');
INSERT INTO GENRES VALUES(2,'ACTION');
INSERT INTO GENRES VALUES(3,'DRAMA');
INSERT INTO GENRES VALUES(4,'HORROR');

INSERT INTO MOVIE_GENRE VALUES(1,2);
INSERT INTO MOVIE_GENRE VALUES(2,2);
INSERT INTO MOVIE_GENRE VALUES(3,1);
INSERT INTO MOVIE_GENRE VALUES(4,1);
INSERT INTO MOVIE_GENRE VALUES(5,1);
INSERT INTO MOVIE_GENRE VALUES(6,3);
INSERT INTO MOVIE_GENRE VALUES(7,3);
INSERT INTO MOVIE_GENRE VALUES(8,4);

CREATE TABLE ACTORS(
ID_MOVIE INTEGER NOT NULL,
ACTOR_NAME VARCHAR2(30),
FOREIGN KEY (ID_MOVIE) REFERENCES MOVIES(ID)
);

CREATE TABLE DIRECTORIES(
ID_MOVIE INTEGER NOT NULL,
DIRECTOR_NAME VARCHAR2(30),
FOREIGN KEY (ID_MOVIE) REFERENCES MOVIES(ID)
);


INSERT INTO ACTORS VALUES(1,'Vin Diesel');
INSERT INTO ACTORS VALUES(1,'Paul Walker');
INSERT INTO ACTORS VALUES(2,'Tom Holland');
INSERT INTO ACTORS VALUES(2,'Zendaya');
INSERT INTO ACTORS VALUES(3,'Margot Robby');
INSERT INTO ACTORS VALUES(3,'Will Smith');
INSERT INTO ACTORS VALUES(5,'Codin Maticiuc');
INSERT INTO ACTORS VALUES(5,'Matei Dima');
INSERT INTO ACTORS VALUES(6,'Chadwick Boseman');
INSERT INTO ACTORS VALUES(6,'Martin Freeman');
INSERT INTO ACTORS VALUES(8,'Brad Dourif');
INSERT INTO ACTORS VALUES(8,'Mark Hamill');
INSERT INTO ACTORS VALUES(7,'Orson Welles');
INSERT INTO ACTORS VALUES(7,'Buddy Swan');
INSERT INTO ACTORS VALUES(4,'Al Pacino');
INSERT INTO ACTORS VALUES(4,'Marlon Brando');

INSERT INTO DIRECTORIES VALUES(1,'F. Gary Gray');
INSERT INTO DIRECTORIES VALUES(2,'Jon Watts');
INSERT INTO DIRECTORIES VALUES(3,'James Gunn');
INSERT INTO DIRECTORIES VALUES(4,'Francis Ford Coppola');
INSERT INTO DIRECTORIES VALUES(5,'Jesús del Cerro');
INSERT INTO DIRECTORIES VALUES(6,'Ryan Coogler');
INSERT INTO DIRECTORIES VALUES(7,'Orson Welles');
INSERT INTO DIRECTORIES VALUES(8,'Tom Holland');